,0,Illiterate Male,dsf,Illiterate Persons,Literates Population Female,Literates Population Male,Literates Population Person,Main Agricultural Labourers Population Female,Main Agricultural Labourers Population Male,Main Agricultural Labourers Population Person,Main Cultivator Population Female,Main Cultivator Population Male,Main Cultivator Population Person,Main Household Industries Population Female,Main Household Industries Population Male,Main Household Industries Population Person,Main Other Workers Population Female,Main Other Workers Population Male,Main Other Workers Population Person,Main Working Population Female,Main Working Population Male,Main Working Population Person,Marginal Agriculture Labourers Population 0_3 Female,Marginal Agriculture Labourers Population 0_3 Male,Marginal Agriculture Labourers Population 0_3 Person,Marginal Agriculture Labourers Population 3_6 Female,Marginal Agriculture Labourers Population 3_6 Male,Marginal Agriculture Labourers Population 3_6 Person,Marginal Agriculture Labourers Population Female,Marginal Agriculture Labourers Population Male,Marginal Agriculture Labourers Population Person,Marginal Cultivator Population 0_3 Male,Marginal Cultivator Population 0_3 Person,Marginal Cultivator Population 0_3_Female,Marginal Cultivator Population 3_6 Female,Marginal Cultivator Population 3_6 Male,Marginal Cultivator Population 3_6 Person,Marginal Cultivator Population Female,Marginal Cultivator Population Male,Marginal Cultivator Population Person,Marginal Household Industries Population 0_3 Female,Marginal Household Industries Population 0_3 Male
0,3934,3101,7035,7035,12652,15096.0,27748,66.0,220.0,167.0,126.0,315.0,148.0,730.0,1294.0,2024.0,2691.0,9483.0,12174,2812.0,9930.0,12742,14.0,7.0,17.0,82.0,46.0,170.0,65.0,90.0,63.0,3.0,7.0,3.0,49.0,85.0,70.0,45.0,56.0,127.0,21.0,70.0
1,5313,4129,9442,9442,12229,14931.0,27160,113.0,429.0,161.0,106.0,109.0,366.0,112.0,931.0,348.0,3912.0,9664.0,13576,4742.0,11173.0,15915,6.0,11.0,13.0,35.0,42.0,81.0,57.0,50.0,174.0,2.0,65.0,65.0,32.0,116.0,124.0,40.0,51.0,116.0,137.0,24.0
2,6161,5230,11391,11391,21169,25569.0,46738,142.0,153.0,122.0,68.0,188.0,157.0,240.0,857.0,141.0,4497.0,16640.0,21137,4681.0,17095.0,21776,11.0,10.0,26.0,44.0,26.0,73.0,51.0,59.0,84.0,1.0,3.0,2.0,69.0,121.0,62.0,32.0,87.0,188.0,34.0,253.0
3,4665,3722,8387,8387,15522,18077.0,33599,38.0,86.0,571.0,379.0,134.0,314.0,246.0,335.0,1171.0,3974.0,11331.0,15305,4055.0,11561.0,15616,7.0,21.0,10.0,64.0,37.0,74.0,58.0,43.0,16.0,0.0,2.0,4.0,178.0,38.0,27.0,62.0,32.0,299.0,47.0,17.0
4,7739,6407,14146,14146,17017,20862.0,37879,103.0,151.0,216.0,49.0,169.0,94.0,115.0,228.0,1103.0,3509.0,13148.0,23753,3913.0,14614.0,18527,4.0,12.0,9.0,52.0,96.0,31.0,84.0,108.0,76.0,4.0,4.0,0.0,33.0,54.0,78.0,70.0,46.0,81.0,18.0,97.0
5,9698,8826,18524,18524,24477,28854.0,53331,124.0,279.0,177.0,59.0,114.0,49.0,101.0,501.0,395.0,4661.0,19092.0,27321,5097.0,20487.0,25584,16.0,8.0,21.0,48.0,50.0,111.0,78.0,56.0,77.0,,6.0,1.0,64.0,60.0,113.0,178.0,54.0,9.0,25.0,19.0
6,8287,6665,14952,14952,25944,31258.0,57202,186.0,482.0,367.0,76.0,72.0,204.0,281.0,277.0,436.0,6855.0,20466.0,17580,7159.0,21087.0,28246,10.0,14.0,22.0,37.0,144.0,148.0,133.0,147.0,116.0,,1.0,,36.0,72.0,64.0,64.0,118.0,45.0,19.0,15.0
7,5907,4740,10647,10647,16685,20214.0,36899,37.0,407.0,585.0,50.0,514.0,275.0,118.0,213.0,303.0,4207.0,13373.0,19672,4397.0,13906.0,18303,9.0,13.0,5.0,57.0,22.0,69.0,32.0,31.0,165.0,,0.0,,43.0,33.0,185.0,36.0,121.0,128.0,40.0,49.0
8,5341,4677,10018,10018,22472,24705.0,47177,23.0,94.0,531.0,5.0,205.0,182.0,90.0,520.0,204.0,4851.0,14821.0,15252,4997.0,15249.0,20246,2.0,28.0,44.0,84.0,88.0,43.0,22.0,91.0,78.0,,5.0,,30.0,58.0,299.0,43.0,38.0,28.0,22.0,28.0
9,3132,2440,5572,5572,13188,17636.0,30824,133.0,552.0,129.0,48.0,74.0,102.0,146.0,232.0,782.0,2925.0,12327.0,12444,3035.0,12684.0,15719,5.0,4.0,11.0,29.0,122.0,87.0,73.0,36.0,46.0,,,,53.0,29.0,68.0,34.0,11.0,71.0,31.0,14.0
10,5780,4699,10479,10479,12386,14263.0,26649,347.0,130.0,106.0,73.0,147.0,35.0,252.0,103.0,376.0,2677.0,9767.0,23069,5408.0,10395.0,13404,0.0,1.0,7.0,76.0,196.0,201.0,23.0,123.0,205.0,,,,34.0,31.0,80.0,81.0,33.0,54.0,5.0,25.0
11,7163,5773,12936,12936,21733,26402.0,48135,81.0,283.0,738.0,61.0,179.0,893.0,196.0,222.0,321.0,5173.0,17896.0,16657,3973.0,18586.0,23994,8.0,3.0,0.0,132.0,55.0,154.0,27.0,197.0,163.0,,,,20.0,1.0,9.0,20.0,30.0,102.0,44.0,18.0
12,4736,3787,8523,8523,14770,18189.0,32959,76.0,613.0,197.0,51.0,78.0,309.0,121.0,313.0,677.0,3827.0,12830.0,25459,6555.0,13554.0,17527,1.0,2.0,15.0,31.0,32.0,65.0,59.0,55.0,69.0,,,,1.0,5.0,20.0,1.0,3.0,13.0,10.0,62.0
13,7012,5412,12424,12424,24093,28596.0,52689,47.0,198.0,141.0,55.0,163.0,127.0,184.0,401.0,212.0,6275.0,19184.0,13986,3538.0,19960.0,26515,3.0,6.0,3.0,25.0,64.0,206.0,33.0,65.0,207.0,,,,13.0,6.0,45.0,5.0,1.0,47.0,29.0,26.0
14,2921,2387,5308,5308,12338,15396.0,27734,92.0,191.0,112.0,10.0,15.0,145.0,73.0,596.0,157.0,3309.0,10677.0,15172,3278.0,11322.0,14860,,0.0,4.0,66.0,47.0,61.0,34.0,121.0,61.0,,,,5.0,21.0,127.0,39.0,6.0,51.0,13.0,9.0
15,3503,2547,6050,6050,14171,17738.0,31909,334.0,136.0,178.0,97.0,119.0,198.0,8.0,672.0,77.0,3183.0,11989.0,17646,5065.0,12250.0,15528,,5.0,6.0,22.0,35.0,272.0,21.0,38.0,275.0,,,,39.0,9.0,28.0,35.0,9.0,86.0,93.0,74.0
16,5516,4449,9965,9965,18690,20955.0,39645,98.0,120.0,118.0,77.0,69.0,90.0,25.0,115.0,332.0,4655.0,12991.0,12624,3505.0,13944.0,19009,,,2.0,103.0,30.0,187.0,28.0,58.0,54.0,,,,35.0,10.0,48.0,50.0,10.0,63.0,2.0,23.0
17,3345,2731,6076,6076,13702,15344.0,29046,80.0,293.0,416.0,113.0,207.0,69.0,363.0,69.0,406.0,3322.0,9302.0,11889,3037.0,9655.0,13160,,,14.0,56.0,118.0,50.0,0.0,92.0,22.0,,,,50.0,26.0,71.0,30.0,35.0,122.0,14.0,16.0
18,3105,2657,5762,5762,12689,14040.0,26729,87.0,85.0,960.0,57.0,246.0,109.0,296.0,242.0,423.0,2948.0,8941.0,9654,2432.0,9123.0,12160,,,1.0,32.0,38.0,106.0,5.0,32.0,188.0,,,,61.0,50.0,61.0,61.0,26.0,140.0,4.0,7.0
19,2984,2437,5421,5421,10404,11536.0,21940,64.0,139.0,279.0,129.0,41.0,258.0,690.0,89.0,547.0,2300.0,7354.0,11677,3155.0,7730.0,10162,,,8.0,34.0,29.0,78.0,72.0,7.0,108.0,,,,90.0,43.0,100.0,91.0,42.0,57.0,0.0,22.0
20,3592,2852,6444,6444,12133,13939.0,26072,129.0,122.0,267.0,4.0,156.0,121.0,656.0,113.0,848.0,3023.0,8654.0,17279,3735.0,8983.0,12138,,,,5.0,25.0,125.0,43.0,49.0,138.0,,,,21.0,11.0,47.0,21.0,13.0,2.0,16.0,12.0
21,6230,4915,11145,11145,18434,22013.0,40447,42.0,214.0,183.0,36.0,87.0,41.0,127.0,534.0,308.0,3558.0,13721.0,18555,2818.0,14236.0,17971,,,,12.0,12.0,20.0,16.0,8.0,19.0,,,,65.0,8.0,51.0,37.0,50.0,12.0,8.0,87.0
22,8001,7224,15225,15225,21552,23706.0,45258,48.0,842.0,385.0,22.0,18.0,80.0,208.0,989.0,133.0,2651.0,15904.0,19369,5044.0,16328.0,19146,,,,21.0,56.0,124.0,74.0,51.0,27.0,,,,8.0,12.0,86.0,66.0,43.0,10.0,7.0,8.0
23,6870,5872,12742,12742,21878,24347.0,46225,138.0,284.0,26.0,34.0,99.0,61.0,55.0,1348.0,244.0,4730.0,14639.0,33341,9926.0,15378.0,20422,,,,16.0,78.0,53.0,29.0,4.0,129.0,,,,44.0,47.0,16.0,8.0,12.0,43.0,20.0,29.0
24,10787,8976,19763,19763,35069,40536.0,75605,29.0,215.0,174.0,104.0,112.0,192.0,38.0,1399.0,350.0,8948.0,24393.0,15534,4148.0,26116.0,36042,,,,1.0,31.0,174.0,17.0,106.0,55.0,,,,71.0,13.0,63.0,44.0,47.0,59.0,1.0,5.0
25,5909,4662,10571,10571,17121,19666.0,36787,70.0,300.0,306.0,218.0,93.0,104.0,97.0,180.0,315.0,3767.0,13714.0,19046,5539.0,12842.0,16990,,,,42.0,63.0,47.0,13.0,3.0,29.0,,,,67.0,28.0,118.0,12.0,7.0,22.0,11.0,0.0
26,4806,3915,8721,8721,20530,22017.0,42547,191.0,103.0,1176.0,13.0,137.0,268.0,103.0,107.0,40.0,5332.0,13101.0,19131,6199.0,14043.0,19582,,,,65.0,48.0,59.0,20.0,139.0,53.0,,,,2.0,73.0,139.0,71.0,28.0,17.0,6.0,27.0
27,5383,4143,9526,9526,17981,19567.0,37548,127.0,192.0,382.0,35.0,555.0,128.0,48.0,134.0,81.0,6030.0,8830.0,12746,4004.0,13448.0,19647,,,,28.0,14.0,56.0,7.0,39.0,180.0,,,,7.0,22.0,56.0,67.0,73.0,50.0,3.0,3.0
28,2924,2311,5235,5235,13844,14509.0,28353,63.0,177.0,313.0,29.0,70.0,77.0,154.0,535.0,897.0,3916.0,12023.0,14590,2726.0,8993.0,12997,,,,18.0,51.0,3.0,35.0,40.0,21.0,,,,46.0,7.0,76.0,7.0,22.0,183.0,9.0,13.0
29,6052,5626,11678,11678,16551,17519.0,34070,51.0,232.0,61.0,43.0,297.0,323.0,204.0,453.0,1285.0,1908.0,10894.0,12802,2041.0,12376.0,15102,,,,20.0,100.0,13.0,10.0,19.0,39.0,,,,4.0,52.0,24.0,16.0,8.0,30.0,,6.0
30,5452,5253,10705,10705,15164,16067.0,31231,122.0,280.0,89.0,6.0,20.0,72.0,69.0,190.0,2038.0,2761.0,10247.0,13513,3618.0,11226.0,13267,,,,10.0,3.0,14.0,36.0,85.0,60.0,,,,11.0,41.0,7.0,46.0,52.0,72.0,,21.0
31,3779,3164,6943,6943,15678,16713.0,32391,4.0,69.0,373.0,7.0,42.0,123.0,71.0,216.0,2055.0,2207.0,12786.0,15547,2903.0,10775.0,14393,,,,24.0,7.0,40.0,38.0,1.0,43.0,,,,51.0,49.0,2.0,4.0,41.0,92.0,,4.0
32,5514,4912,10426,10426,17657,19843.0,37500,2.0,91.0,160.0,52.0,76.0,17.0,152.0,223.0,307.0,3348.0,6957.0,9164,2235.0,13260.0,16163,,,,3.0,126.0,68.0,12.0,20.0,14.0,,,,83.0,37.0,12.0,11.0,49.0,108.0,,10.0
33,2377,1968,4345,4345,9514,10449.0,19963,55.0,109.0,149.0,33.0,22.0,42.0,52.0,166.0,541.0,3618.0,10198.0,13546,3443.0,7032.0,9267,,,,7.0,36.0,30.0,4.0,18.0,71.0,,,,28.0,32.0,41.0,51.0,34.0,32.0,,2.0
34,2561,2137,4698,4698,14808,17232.0,32040,57.0,65.0,272.0,8.0,25.0,50.0,297.0,496.0,172.0,3230.0,10365.0,13983,3693.0,10463.0,13906,,,,14.0,85.0,143.0,1.0,33.0,164.0,,,,15.0,19.0,17.0,85.0,16.0,19.0,,1.0
35,3772,2820,6592,6592,14130,16314.0,30444,46.0,32.0,264.0,24.0,33.0,70.0,157.0,58.0,170.0,4279.0,11931.0,15161,3317.0,10559.0,14252,,,,33.0,1.0,4.0,2.0,47.0,4.0,,,,19.0,45.0,32.0,15.0,5.0,121.0,,11.0
36,4451,3500,7951,7951,15363,17793.0,33156,93.0,48.0,125.0,83.0,23.0,253.0,172.0,193.0,654.0,8111.0,10063.0,14342,4727.0,12160.0,15477,,,,36.0,20.0,77.0,8.0,2.0,49.0,,,,29.0,18.0,50.0,29.0,19.0,110.0,,
37,5181,4034,9215,9215,12366,15298.0,27664,34.0,137.0,296.0,74.0,29.0,164.0,199.0,284.0,550.0,8752.0,20406.0,28517,8545.0,10743.0,15470,,,,4.0,17.0,64.0,3.0,21.0,79.0,,,,47.0,36.0,92.0,47.0,45.0,16.0,,
38,6342,5073,11415,11415,20043,27831.0,47874,5.0,367.0,113.0,79.0,21.0,65.0,100.0,122.0,319.0,8966.0,20253.0,29005,9855.0,21672.0,30217,,,,0.0,5.0,23.0,135.0,11.0,65.0,,,,60.0,57.0,57.0,60.0,20.0,33.0,,
39,9851,7874,17725,17725,24472,30597.0,55069,7.0,125.0,409.0,94.0,40.0,178.0,60.0,356.0,298.0,6672.0,19212.0,28178,9770.0,22622.0,32477,,,,8.0,33.0,1.0,11.0,12.0,24.0,,,,27.0,20.0,179.0,28.0,27.0,15.0,,
40,6904,5296,12200,12200,19258,26356.0,45614,20.0,21.0,110.0,46.0,125.0,156.0,147.0,112.0,379.0,6374.0,15500.0,19441,6949.0,20966.0,30736,,,,11.0,19.0,11.0,9.0,29.0,25.0,,,,42.0,4.0,26.0,42.0,37.0,21.0,,
41,6256,5001,11257,11257,13389,16706.0,30095,52.0,26.0,123.0,25.0,105.0,129.0,91.0,388.0,700.0,4583.0,12258.0,21874,6695.0,13242.0,20191,,,,2.0,2.0,7.0,6.0,74.0,7.0,,,,6.0,23.0,72.0,6.0,57.0,93.0,,
42,5980,4637,10617,10617,18603,21980.0,40583,35.0,143.0,79.0,14.0,180.0,166.0,58.0,620.0,99.0,2548.0,8910.0,16841,4654.0,16080.0,22775,,,,126.0,27.0,93.0,105.0,73.0,2.0,,,,41.0,25.0,89.0,23.0,21.0,24.0,,
43,4922,3685,8607,8607,14536,17069.0,31605,59.0,106.0,133.0,47.0,46.0,426.0,15.0,164.0,398.0,2450.0,8419.0,11458,2629.0,12430.0,17084,,,,19.0,70.0,114.0,26.0,6.0,1.0,,,,37.0,24.0,107.0,38.0,23.0,8.0,,
44,2969,2416,5385,5385,13700,15111.0,28811,85.0,249.0,28.0,15.0,39.0,71.0,20.0,353.0,107.0,2457.0,10797.0,10869,2513.0,9151.0,11780,,,,9.0,68.0,9.0,19.0,16.0,11.0,,,,16.0,3.0,30.0,19.0,25.0,18.0,,
45,2754,2296,5050,5050,12649,13750.0,26399,41.0,81.0,85.0,37.0,63.0,32.0,123.0,451.0,155.0,1621.0,8382.0,13254,2674.0,8656.0,11169,,,,6.0,15.0,10.0,119.0,5.0,122.0,,,,31.0,17.0,19.0,31.0,24.0,55.0,,
46,6918,6658,13576,13576,13281,15278.0,28559,33.0,360.0,189.0,39.0,36.0,18.0,35.0,623.0,479.0,3477.0,9217.0,12694,1760.0,11687.0,14361,,,,104.0,4.0,191.0,18.0,15.0,13.0,,,,81.0,35.0,83.0,82.0,4.0,95.0,,
47,5227,5231,10458,10458,12352,13004.0,25356,8.0,304.0,256.0,21.0,45.0,22.0,39.0,433.0,106.0,4818.0,15280.0,20098,3651.0,8996.0,10756,,,,26.0,6.0,48.0,15.0,0.0,213.0,,,,12.0,89.0,121.0,13.0,61.0,158.0,,
48,4457,3845,8302,8302,14442,21482.0,29653,9.0,147.0,209.0,12.0,65.0,62.0,124.0,74.0,364.0,4272.0,12358.0,16630,4971.0,9576.0,13227,,,,114.0,8.0,27.0,25.0,118.0,56.0,,,,54.0,59.0,110.0,119.0,18.0,34.0,,
49,6258,4924,11182,11182,16430,19334.0,37912,6.0,197.0,505.0,41.0,26.0,38.0,122.0,148.0,151.0,3530.0,9260.0,12162,4500.0,15594.0,20565,,,,15.0,0.0,54.0,24.0,14.0,30.0,,,,25.0,42.0,13.0,25.0,36.0,65.0,,
50,5242,4333,9575,9575,17250,15183.0,36584,15.0,267.0,182.0,18.0,34.0,87.0,19.0,165.0,540.0,4181.0,12769.0,16299,3076.0,12892.0,17392,,,,17.0,112.0,29.0,14.0,9.0,59.0,,,,10.0,53.0,23.0,10.0,92.0,46.0,,
51,3746,2898,6644,6644,13341,19796.0,36707,49.0,33.0,84.0,31.0,37.0,47.0,65.0,286.0,223.0,2880.0,16265.0,20446,3741.0,9672.0,12748,,,,23.0,13.0,39.0,30.0,24.0,32.0,,,,3.0,62.0,33.0,3.0,59.0,40.0,,
52,6534,5344,11878,11878,16911,22781.0,38041,14.0,157.0,46.0,17.0,116.0,40.0,50.0,149.0,252.0,3823.0,11342.0,14222,4510.0,13166.0,21710,,,,13.0,9.0,105.0,,22.0,44.0,,,,52.0,15.0,15.0,53.0,44.0,23.0,,
53,6730,5420,12150,12150,15260,15007.0,26371,32.0,119.0,200.0,44.0,83.0,51.0,43.0,158.0,917.0,5968.0,13069.0,16892,2989.0,17200.0,14520,,,,27.0,16.0,19.0,,17.0,105.0,,,,23.0,16.0,21.0,24.0,55.0,79.0,,
54,4280,3295,7575,7575,11364,18507.0,34423,17.0,133.0,157.0,23.0,19.0,73.0,95.0,264.0,574.0,4999.0,17162.0,23130,3951.0,11531.0,17300,,,,,205.0,21.0,,206.0,8.0,,,,9.0,14.0,8.0,9.0,64.0,82.0,,
55,4890,4130,9020,9020,15916,24782.0,46673,43.0,190.0,319.0,109.0,17.0,83.0,31.0,171.0,608.0,4173.0,10178.0,17938,6223.0,13349.0,23860,,,,,23.0,36.0,,25.0,35.0,,,,22.0,39.0,18.0,22.0,15.0,66.0,,
56,6371,5771,12142,12142,21891,18581.0,35010,125.0,54.0,206.0,32.0,44.0,229.0,226.0,93.0,795.0,3152.0,8587.0,14351,5185.0,17637.0,18523,,,,,24.0,57.0,,26.0,40.0,,,,40.0,27.0,55.0,41.0,17.0,96.0,,
57,4735,4238,8973,8973,16429,16849.0,33359,109.0,66.0,551.0,11.0,585.0,179.0,70.0,162.0,632.0,2285.0,9962.0,11739,4312.0,13338.0,14904,,,,,93.0,5.0,,96.0,17.0,,,,138.0,,93.0,139.0,14.0,97.0,,
58,3916,3087,7003,7003,16510,14174.0,26064,84.0,88.0,431.0,211.0,149.0,398.0,79.0,128.0,109.0,2732.0,8136.0,12247,3266.0,10592.0,12018,,,,,18.0,28.0,,23.0,57.0,,,,100.0,,156.0,102.0,39.0,62.0,,
59,5071,4199,9270,9270,12730,13932.0,27268,73.0,113.0,196.0,54.0,60.0,81.0,136.0,77.0,207.0,1650.0,5722.0,10868,2964.0,8752.0,12613,,,,,11.0,25.0,,13.0,82.0,,,,24.0,,65.0,26.0,31.0,38.0,,
60,5543,5239,10782,10782,13094,9029.0,26870,50.0,46.0,260.0,9.0,142.0,64.0,350.0,172.0,265.0,2624.0,8353.0,7372,1687.0,10195.0,11601,,,,,21.0,46.0,,27.0,5.0,,,,88.0,,43.0,92.0,,67.0,,
61,4151,3373,7524,7524,12938,13426.0,17958,18.0,35.0,128.0,135.0,158.0,67.0,74.0,109.0,426.0,4089.0,9908.0,10977,2790.0,8637.0,7543,,,,,10.0,103.0,,10.0,6.0,,,,82.0,,22.0,86.0,,26.0,,
62,2079,1691,3770,3770,8929,15627.0,26172,28.0,52.0,389.0,58.0,81.0,56.0,30.0,178.0,218.0,3390.0,9934.0,13997,4146.0,5856.0,11549,,,,,28.0,104.0,,28.0,31.0,,,,14.0,,96.0,14.0,,11.0,,
63,2870,2076,4946,4946,12746,15774.0,31205,54.0,57.0,27.0,19.0,32.0,88.0,33.0,197.0,411.0,3266.0,9404.0,13324,3585.0,8759.0,14211,,,,,59.0,15.0,,64.0,36.0,,,,18.0,,97.0,18.0,,42.0,,
64,2473,1931,4404,4404,15578,15490.0,30797,21.0,77.0,32.0,20.0,35.0,30.0,87.0,177.0,262.0,3928.0,13405.0,12670,3378.0,10453.0,14038,,,,,,8.0,,,48.0,,,,17.0,,59.0,17.0,,83.0,,
65,2601,2119,4912,4912,15023,19441.0,30066,19.0,61.0,50.0,28.0,38.0,118.0,99.0,265.0,193.0,8232.0,18163.0,17333,4043.0,9679.0,13057,,,,,,6.0,,,110.0,,,,48.0,,39.0,48.0,,39.0,,
66,4723,1907,4508,4508,14576,23932.0,36242,67.0,101.0,212.0,66.0,56.0,44.0,110.0,68.0,137.0,9379.0,21539.0,26395,8605.0,13637.0,17680,,,,,,12.0,,,111.0,,,,26.0,,38.0,27.0,,44.0,,
67,7634,3650,8373,8373,16801,26991.0,43547,11.0,228.0,176.0,100.0,51.0,106.0,119.0,95.0,179.0,8972.0,23202.0,30918,9535.0,18961.0,27566,,,,,,16.0,,,15.0,,,,,,10.0,,,68.0,,
68,8089,5896,13530,13530,19615,28752.0,47242,26.0,72.0,179.0,71.0,77.0,105.0,442.0,61.0,245.0,5859.0,18731.0,32174,9250.0,21936.0,31471,,,,,,24.0,,,9.0,,,,,,58.0,,,139.0,,
69,8260,6148,14237,14237,20251,26962.0,51019,10.0,161.0,283.0,53.0,91.0,149.0,218.0,365.0,181.0,7617.0,21247.0,24590,6251.0,23777.0,33027,,,,,,2.0,,,10.0,,,,,,42.0,,,48.0,,
70,7411,7035,15295,15295,22267,29414.0,48757,22.0,261.0,77.0,80.0,43.0,39.0,111.0,117.0,92.0,4629.0,12939.0,28864,7843.0,19705.0,25956,,,,,,238.0,,,12.0,,,,,,82.0,,,14.0,,
71,8159,6104,13515,13515,21795,18171.0,54039,56.0,104.0,55.0,75.0,11.0,48.0,380.0,32.0,192.0,4426.0,14120.0,17568,4758.0,21663.0,29506,,,,,,18.0,,,18.0,,,,,,44.0,,,36.0,,
72,5952,6724,14883,14883,24625,20866.0,33583,61.0,97.0,150.0,26.0,14.0,34.0,301.0,133.0,257.0,2826.0,9523.0,18546,4645.0,13244.0,18002,,,,,,32.0,,,26.0,,,,,,67.0,,,144.0,,
73,5537,4309,10261,10261,15412,14831.0,38817,69.0,84.0,111.0,27.0,71.0,239.0,188.0,230.0,292.0,3055.0,9443.0,12349,2897.0,14847.0,19492,,,,,,34.0,,,3.0,,,,,,138.0,,,49.0,,
74,2665,4380,9917,9917,17951,14703.0,28468,30.0,60.0,99.0,42.0,30.0,158.0,22.0,417.0,285.0,2203.0,6967.0,12498,3297.0,9683.0,12580,,,,,,22.0,,,253.0,,,,,,46.0,,,25.0,,
75,3449,2103,4768,4768,13637,12493.0,27542,60.0,73.0,51.0,86.0,127.0,116.0,11.0,105.0,388.0,4432.0,10163.0,9170,2277.0,7086.0,13244,,,,,,309.0,,,20.0,,,,,,14.0,,,7.0,,
76,2198,2397,5846,5846,12839,15415.0,24699,13.0,36.0,52.0,40.0,61.0,25.0,159.0,415.0,103.0,3866.0,8962.0,14595,4568.0,10499.0,9363,,,,,,49.0,,,33.0,,,,,,35.0,,,114.0,,
77,4706,1938,4136,4136,12206,15019.0,29094,58.0,31.0,101.0,,13.0,68.0,66.0,173.0,134.0,5962.0,17171.0,12828,4096.0,9332.0,15067,,,,,,207.0,,,37.0,,,,,,79.0,,,41.0,,
78,2996,3491,8197,8197,13679,24543.0,29777,24.0,20.0,87.0,,27.0,668.0,59.0,290.0,89.0,5474.0,18190.0,23133,6216.0,17818.0,13428,,,,,,35.0,,,23.0,,,,,,49.0,,,27.0,,
79,6185,2455,5451,5451,14758,22548.0,45604,36.0,24.0,126.0,,58.0,223.0,108.0,280.0,487.0,3349.0,12277.0,23664,5599.0,18513.0,24034,,,,,,26.0,,,311.0,,,,,,6.0,,,37.0,,
80,6441,5273,11458,11458,21061,19282.0,37819,31.0,50.0,115.0,,28.0,99.0,331.0,491.0,171.0,4680.0,14429.0,15626,3487.0,12729.0,24112,,,,,,38.0,,,51.0,,,,,,111.0,,,77.0,,
81,5331,5371,11812,11812,15271,21152.0,34289,164.0,184.0,103.0,,97.0,217.0,53.0,364.0,51.0,7408.0,18951.0,19109,5131.0,15608.0,16216,,,,,,33.0,,,45.0,,,,,,36.0,,,231.0,,
82,6690,4322,9653,9653,15007,26274.0,38630,75.0,44.0,45.0,,64.0,237.0,40.0,235.0,272.0,3598.0,13902.0,26359,7683.0,19503.0,20739,,,,,,41.0,,,215.0,,,,,,40.0,,,161.0,,
83,7444,5236,11926,11926,17478,18849.0,49025,128.0,98.0,49.0,,24.0,175.0,140.0,231.0,216.0,3167.0,11460.0,17500,3723.0,14254.0,27186,,,,,,86.0,,,41.0,,,,,,25.0,,,70.0,,
84,4337,6614,14058,14058,22751,17027.0,31725,40.0,93.0,94.0,,66.0,55.0,114.0,273.0,183.0,4179.0,9398.0,14627,3403.0,12047.0,17977,,,,,,,,,28.0,,,,,,37.0,,,147.0,,
85,4519,3706,8043,8043,12876,16243.0,31509,275.0,70.0,83.0,,68.0,60.0,32.0,236.0,274.0,3281.0,11767.0,14559,4336.0,10622.0,15450,,,,,,,,,52.0,,,,,,75.0,,,150.0,,
86,4268,3898,8417,8417,14482,14682.0,30801,114.0,39.0,136.0,,140.0,124.0,320.0,436.0,397.0,2681.0,8876.0,12679,3417.0,9698.0,14958,,,,,,,,,34.0,,,,,,227.0,,,29.0,,
87,2944,3182,7450,7450,14558,17220.0,28542,102.0,99.0,311.0,,59.0,66.0,125.0,255.0,512.0,1609.0,10896.0,14448,2884.0,12205.0,13115,,,,,,,,,42.0,,,,,,159.0,,,35.0,,
88,2868,2307,5251,5251,13860,13759.0,29815,409.0,328.0,96.0,,88.0,114.0,51.0,225.0,111.0,1148.0,6280.0,10485,1636.0,9000.0,15089,,,,,,,,,94.0,,,,,,66.0,,,31.0,,
89,2910,2407,5275,5275,12595,15365.0,27045,88.0,287.0,220.0,,186.0,52.0,206.0,57.0,641.0,2375.0,8824.0,12044,1174.0,6435.0,10636,,,,,,,,,,,,,,,141.0,,,87.0,,
90,4123,2734,5644,5644,13286,9729.0,29424,27.0,237.0,145.0,,80.0,26.0,54.0,873.0,243.0,2289.0,9789.0,8655,2419.0,9201.0,12292,,,,,,,,,,,,,,,144.0,,,58.0,,
91,1632,3959,8082,8082,14059,14665.0,19873,39.0,255.0,138.0,,31.0,45.0,62.0,186.0,369.0,4131.0,10388.0,11113,2434.0,10181.0,8854,,,,,,,,,,,,,,,29.0,,,,,
92,3145,1310,2942,2942,10144,15309.0,25422,25.0,297.0,109.0,,55.0,20.0,94.0,226.0,416.0,3162.0,9961.0,13920,4329.0,10720.0,11635,,,,,,,,,,,,,,,34.0,,,,,
93,5797,2641,5786,5786,10757,15408.0,27892,45.0,89.0,132.0,,47.0,59.0,28.0,259.0,841.0,3385.0,9960.0,13550,3629.0,10445.0,14510,,,,,,,,,,,,,,,31.0,,,,,
94,5139,4004,9801,9801,12583,15211.0,28898,83.0,76.0,97.0,,110.0,31.0,86.0,471.0,394.0,2361.0,9926.0,13346,2418.0,10101.0,14044,,,,,,,,,,,,,,,87.0,,,,,
95,4315,4073,9212,9212,13490,14328.0,28454,,53.0,44.0,,250.0,115.0,175.0,860.0,301.0,3140.0,8536.0,12321,3206.0,10089.0,14074,,,,,,,,,,,,,,,53.0,,,,,
96,3235,2952,7267,7267,13243,14618.0,27169,,100.0,39.0,,,53.0,83.0,779.0,156.0,2733.0,9110.0,13066,2917.0,8902.0,12519,,,,,,,,,,,,,,,,,,,,
97,3237,2509,5744,5744,12841,13334.0,27496,,79.0,29.0,,,84.0,21.0,416.0,318.0,2943.0,16733.0,11269,3009.0,9231.0,13295,,,,,,,,,,,,,,,,,,,,
98,2793,2351,5588,5588,12878,13383.0,25409,,56.0,65.0,,,236.0,167.0,63.0,372.0,5478.0,18186.0,12053,5672.0,17238.0,11819,,,,,,,,,,,,,,,,,,,,
99,2901,2131,4924,4924,12075,22289.0,24833,,47.0,233.0,,,161.0,67.0,42.0,328.0,5662.0,7890.0,22211,5783.0,18413.0,12240,,,,,,,,,,,,,,,,,,,,
100,6419,2317,5218,5218,11450,23795.0,39634,,23.0,58.0,,,63.0,56.0,333.0,546.0,2419.0,7933.0,23848,2473.0,7987.0,22910,,,,,,,,,,,,,,,,,,,,
101,6201,4840,11259,11259,17345,11991.0,42442,,221.0,130.0,,,24.0,88.0,185.0,335.0,2623.0,7375.0,10309,2761.0,8229.0,24196,,,,,,,,,,,,,,,,,,,,
102,2592,4889,11090,11090,18647,12435.0,22410,,37.0,124.0,,,54.0,131.0,238.0,176.0,2126.0,11171.0,10556,2257.0,7668.0,10460,,,,,,,,,,,,,,,,,,,,
103,2898,1871,4463,4463,10419,10897.0,23278,,17.0,56.0,,,299.0,41.0,354.0,1315.0,3228.0,9565.0,9501,3324.0,11444.0,10990,,,,,,,,,,,,,,,,,,,,
104,2269,2179,5077,5077,10843,16668.0,20292,,82.0,142.0,,,112.0,27.0,993.0,294.0,3094.0,10168.0,14399,3166.0,9852.0,9925,,,,,,,,,,,,,,,,,,,,
105,3027,2403,3889,3889,9395,15115.0,31031,,28.0,453.0,,,58.0,205.0,256.0,444.0,1091.0,7818.0,12659,1147.0,10600.0,14768,,,,,,,,,,,,,,,,,,,,
106,2529,2159,5430,5430,14363,15052.0,29178,,59.0,412.0,,,37.0,78.0,359.0,582.0,2023.0,6108.0,11259,2150.0,8297.0,13018,,,,,,,,,,,,,,,,,,,,
107,3190,2577,4688,4688,14063,12165.0,27525,,183.0,346.0,,,232.0,80.0,246.0,1240.0,2317.0,8560.0,9841,2398.0,6269.0,11747,,,,,,,,,,,,,,,,,,,,
108,2531,1834,5767,5767,12473,10184.0,23139,,204.0,339.0,,,122.0,18.0,78.0,1080.0,3274.0,11705.0,8425,3351.0,8729.0,10447,,,,,,,,,,,,,,,,,,,,
109,2690,1334,4365,4365,10974,13356.0,20131,,135.0,370.0,,,43.0,47.0,548.0,604.0,4488.0,13866.0,11834,4773.0,12235.0,8667,,,,,,,,,,,,,,,,,,,,
110,3567,2141,2864,2864,9947,17094.0,25807,,62.0,139.0,,,86.0,23.0,276.0,57.0,3034.0,9371.0,16193,3139.0,14097.0,12080,,,,,,,,,,,,,,,,,,,,
111,2650,2901,4831,4831,12451,19105.0,31640,,188.0,71.0,,,108.0,221.0,87.0,91.0,3425.0,13417.0,16900,3577.0,9758.0,17008,,,,,,,,,,,,,,,,,,,,
112,3960,2154,6468,6468,14546,15463.0,32112,,30.0,104.0,,,134.0,82.0,406.0,492.0,3938.0,12124.0,12796,4230.0,13896.0,17236,,,,,,,,,,,,,,,,,,,,
113,6578,3222,4804,4804,13007,19410.0,29878,,144.0,78.0,,,240.0,34.0,99.0,251.0,3154.0,6760.0,17355,3614.0,12799.0,13335,,,,,,,,,,,,,,,,,,,,
114,4283,5913,7182,7182,14415,18757.0,36043,,68.0,154.0,,,130.0,92.0,283.0,297.0,2135.0,7401.0,15278,2453.0,7213.0,18126,,,,,,,,,,,,,,,,,,,,
115,5339,3480,12491,12491,16633,10259.0,34332,,49.0,100.0,,,141.0,215.0,102.0,462.0,1063.0,10807.0,8895,1112.0,7819.0,16413,,,,,,,,,,,,,,,,,,,,
116,3104,4188,7763,7763,15575,11655.0,19257,,95.0,90.0,,,266.0,93.0,298.0,1324.0,3033.0,10729.0,8464,3149.0,11118.0,9666,,,,,,,,,,,,,,,,,,,,
117,5026,2501,9527,9527,8998,15419.0,21471,,112.0,75.0,,,155.0,68.0,195.0,263.0,3280.0,11914.0,13840,3343.0,10927.0,8931,,,,,,,,,,,,,,,,,,,,
118,4604,3794,5605,5605,9816,15646.0,28524,,369.0,74.0,,,57.0,44.0,92.0,296.0,4762.0,11453.0,14009,4907.0,12245.0,14267,,,,,,,,,,,,,,,,,,,,
119,6389,3510,8820,8820,13105,15486.0,29240,,64.0,34.0,,,82.0,42.0,97.0,499.0,3282.0,10054.0,16676,3434.0,11823.0,14270,,,,,,,,,,,,,,,,,,,,
120,3803,4888,8114,8114,13594,17737.0,28755,,281.0,48.0,,,89.0,305.0,86.0,360.0,3717.0,5490.0,14735,3896.0,10454.0,17152,,,,,,,,,,,,,,,,,,,,
121,4585,3168,11277,11277,13269,15322.0,33360,,415.0,30.0,,,196.0,454.0,257.0,110.0,1911.0,8540.0,13771,2125.0,6189.0,15257,,,,,,,,,,,,,,,,,,,,
122,1530,3622,8207,8207,15623,9588.0,29140,,74.0,108.0,,,290.0,149.0,386.0,868.0,2902.0,13143.0,7401,3029.0,8903.0,14350,,,,,,,,,,,,,,,,,,,,
123,2610,1250,2780,2780,13818,13144.0,18391,,494.0,38.0,,,,381.0,204.0,401.0,3752.0,10380.0,11442,3916.0,13574.0,8314,,,,,,,,,,,,,,,,,,,,
124,5511,2081,4691,4691,8803,18512.0,24628,,316.0,81.0,,,,450.0,440.0,138.0,3792.0,18822.0,16895,3926.0,10491.0,11932,,,,,,,,,,,,,,,,,,,,
125,4831,4113,9624,9624,11484,13928.0,34105,,231.0,239.0,,,,153.0,141.0,612.0,5822.0,16838.0,14172,6370.0,20053.0,17490,,,,,,,,,,,,,,,,,,,,
126,7615,4311,9142,9142,15593,29240.0,26638,,766.0,265.0,,,,36.0,199.0,153.0,5374.0,12764.0,24644,5530.0,17165.0,14417,,,,,,,,,,,,,,,,,,,,
127,8291,6126,13741,13741,12710,23536.0,54391,,229.0,293.0,,,,168.0,196.0,345.0,5525.0,12038.0,22212,5830.0,13147.0,26423,,,,,,,,,,,,,,,,,,,,
128,7089,6533,14824,14824,25151,16311.0,43375,,75.0,204.0,,,,72.0,189.0,125.0,3383.0,9044.0,18289,3498.0,12411.0,22695,,,,,,,,,,,,,,,,,,,,
129,3786,5740,12829,12829,19839,18329.0,29956,,116.0,248.0,,,,75.0,135.0,392.0,2588.0,13614.0,15421,2757.0,9640.0,18977,,,,,,,,,,,,,,,,,,,,
130,4099,3118,6904,6904,13645,15106.0,34583,,96.0,43.0,,,,,118.0,270.0,3434.0,8935.0,11632,3899.0,14670.0,15909,,,,,,,,,,,,,,,,,,,,
131,6721,2794,6893,6893,16254,19583.0,28220,,141.0,202.0,,,,,56.0,120.0,1229.0,10301.0,17048,1569.0,9811.0,12397,,,,,,,,,,,,,,,,,,,,
132,6662,6180,12901,12901,13114,12723.0,36583,,205.0,92.0,,,,,181.0,139.0,2488.0,10319.0,10164,2702.0,10783.0,18569,,,,,,,,,,,,,,,,,,,,
133,6298,6641,13303,13303,17000,13941.0,24296,,,73.0,,,,,84.0,127.0,2731.0,7092.0,12789,2769.0,10411.0,11380,,,,,,,,,,,,,,,,,,,,
134,5200,5832,12130,12130,11573,14079.0,26509,,,131.0,,,,,151.0,343.0,1763.0,8113.0,13050,1819.0,7209.0,13485,,,,,,,,,,,,,,,,,,,,
135,3447,4240,9440,9440,12568,9834.0,26599,,,143.0,,,,,35.0,561.0,1890.0,8915.0,8855,1960.0,8365.0,13180,,,,,,,,,,,,,,,,,,,,
136,4760,2699,6146,6146,12520,10848.0,18655,,,533.0,,,,,208.0,287.0,2537.0,10943.0,10003,2737.0,9329.0,9028,,,,,,,,,,,,,,,,,,,,
137,3215,4280,9040,9040,8821,13983.0,20304,,,91.0,,,,,46.0,56.0,3365.0,9752.0,11452,3497.0,11349.0,10325,,,,,,,,,,,,,,,,,,,,
138,5099,2453,5668,5668,9456,15591.0,26545,,,356.0,,,,,308.0,607.0,3025.0,8672.0,14308,3119.0,10065.0,12066,,,,,,,,,,,,,,,,,,,,
139,2780,2096,9298,9298,12562,13985.0,29527,,,543.0,,,,,187.0,208.0,2085.0,8033.0,12777,2245.0,9102.0,14846,,,,,,,,,,,,,,,,,,,,
140,2881,2331,4876,4876,13936,12926.0,29790,,,114.0,,,,,80.0,288.0,2511.0,10845.0,10757,2916.0,9240.0,13184,,,,,,,,,,,,,,,,,,,,
141,5685,4696,5212,5212,14199,16589.0,27250,,,769.0,,,,,210.0,277.0,2984.0,8782.0,10544,3101.0,11231.0,11347,,,,,,,,,,,,,,,,,,,,
142,3780,3224,10381,10381,13265,12694.0,24498,,,430.0,,,,,410.0,266.0,2515.0,9532.0,13829,2595.0,9127.0,12156,,,,,,,,,,,,,,,,,,,,
143,3988,3092,7004,7004,11572,14213.0,31305,,,333.0,,,,,357.0,83.0,2903.0,14512.0,11297,3068.0,9947.0,14332,,,,,,,,,,,,,,,,,,,,
144,4530,3504,7080,7080,14716,21201.0,23587,,,1175.0,,,,,174.0,386.0,5065.0,15628.0,12435,5246.0,16619.0,11722,,,,,,,,,,,,,,,,,,,,
145,4355,3516,8034,8034,10893,23156.0,26265,,,317.0,,,,,140.0,162.0,4114.0,27028.0,19577,4354.0,28012.0,13015,,,,,,,,,,,,,,,,,,,,
146,7454,5803,7871,7871,12052,35263.0,39133,,,102.0,,,,,119.0,231.0,10052.0,10414.0,19742,10571.0,10987.0,20147,,,,,,,,,,,,,,,,,,,,
147,10107,8768,13257,13257,17932,16536.0,41368,,,155.0,,,,,487.0,53.0,5105.0,13221.0,37080,5378.0,13705.0,20973,,,,,,,,,,,,,,,,,,,,
148,3662,2861,18875,18875,18212,18631.0,61305,,,121.0,,,,,1121.0,255.0,4952.0,9150.0,15519,5162.0,10011.0,38583,,,,,,,,,,,,,,,,,,,,
149,3765,3157,6523,6523,26042,15349.0,31793,,,186.0,,,,,334.0,69.0,3126.0,9074.0,18173,3484.0,9343.0,16365,,,,,,,,,,,,,,,,,,,,
150,4494,3927,6922,6922,15257,14368.0,33075,,,288.0,,,,,802.0,529.0,3279.0,10320.0,12276,3477.0,10688.0,18867,,,,,,,,,,,,,,,,,,,,
151,2455,1854,8421,8421,14444,16012.0,29730,,,,,,,,947.0,269.0,3211.0,12366.0,12353,3314.0,12632.0,13495,,,,,,,,,,,,,,,,,,,,
152,3802,2858,4309,4309,14381,17842.0,28331,,,,,,,,773.0,114.0,3391.0,9799.0,13531,3488.0,10185.0,12820,,,,,,,,,,,,,,,,,,,,
153,4310,3380,6660,6660,13963,14538.0,30322,,,,,,,,123.0,302.0,2911.0,13995.0,15757,3055.0,14416.0,14002,,,,,,,,,,,,,,,,,,,,
154,4435,3429,7690,7690,14310,18549.0,33689,,,,,,,,163.0,625.0,4797.0,10512.0,12710,4946.0,10728.0,16120,,,,,,,,,,,,,,,,,,,,
155,6608,5458,7864,7864,15847,17526.0,26789,,,,,,,,142.0,450.0,3032.0,16465.0,18792,3108.0,16739.0,13240,,,,,,,,,,,,,,,,,,,,
156,4235,3525,12066,12066,12251,24442.0,33862,,,,,,,,251.0,242.0,5668.0,14112.0,13544,5811.0,14328.0,19362,,,,,,,,,,,,,,,,,,,,
157,6145,4997,7760,7760,15313,21023.0,33011,,,,,,,,,184.0,4116.0,11573.0,22133,4193.0,11971.0,13836,,,,,,,,,,,,,,,,,,,,
158,5030,4150,11142,11142,15485,19135.0,45755,,,,,,,,,161.0,4055.0,12544.0,18228,4204.0,13077.0,22550,,,,,,,,,,,,,,,,,,,,
159,3424,2708,9180,9180,21313,20329.0,37625,,,,,,,,,792.0,4212.0,11990.0,15628,4445.0,12272.0,18521,,,,,,,,,,,,,,,,,,,,
160,4000,3011,6132,6132,16602,19098.0,37063,,,,,,,,,1575.0,4186.0,6552.0,16756,4317.0,6624.0,16175,,,,,,,,,,,,,,,,,,,,
161,4264,3448,7011,7011,18232,11427.0,38561,,,,,,,,,483.0,2567.0,6654.0,16176,2611.0,7358.0,17522,,,,,,,,,,,,,,,,,,,,
162,1889,1556,7712,7712,16673,10649.0,35771,,,,,,,,,1183.0,2678.0,9796.0,9119,2953.0,10001.0,16589,,,,,,,,,,,,,,,,,,,,
163,3808,2970,3445,3445,11126,14532.0,22553,,,,,,,,,1397.0,2944.0,7789.0,9332,3040.0,8016.0,9235,,,,,,,,,,,,,,,,,,,,
164,2671,2000,6778,6778,9613,12539.0,20262,,,,,,,,,926.0,2791.0,8765.0,12740,2869.0,9071.0,10311,,,,,,,,,,,,,,,,,,,,
165,2091,1633,4671,4671,13553,13305.0,28085,,,,,,,,,159.0,2884.0,9540.0,10580,3033.0,9771.0,13041,,,,,,,,,,,,,,,,,,,,
166,3775,2991,3724,3724,12090,14127.0,24629,,,,,,,,,331.0,3433.0,13526.0,11649,3548.0,13791.0,10885,,,,,,,,,,,,,,,,,,,,
167,3821,3155,6766,6766,11995,20056.0,25300,,,,,,,,,214.0,2555.0,14309.0,12973,2752.0,14640.0,12104,,,,,,,,,,,,,,,,,,,,
168,5772,5269,6976,6976,12824,20051.0,26951,,,,,,,,,326.0,3964.0,10683.0,16081,4084.0,11001.0,13319,,,,,,,,,,,,,,,,,,,,
169,3722,3231,11041,11041,17894,15595.0,37950,,,,,,,,,,3087.0,18235.0,18273,3201.0,18748.0,16543,,,,,,,,,,,,,,,,,,,,
170,3159,2414,6953,6953,15620,26572.0,35671,,,,,,,,,,7955.0,14045.0,13770,8357.0,14325.0,18724,,,,,,,,,,,,,,,,,,,,
171,6947,6084,5573,5573,12353,18493.0,27948,,,,,,,,,,5931.0,17362.0,26190,6178.0,17606.0,14202,,,,,,,,,,,,,,,,,,,,
172,5332,4512,13031,13031,23430,23802.0,50002,,,,,,,,,,6094.0,8278.0,19976,6236.0,8514.0,27105,,,,,,,,,,,,,,,,,,,,
173,4814,4135,9844,9844,15248,12670.0,33741,,,,,,,,,,3516.0,8656.0,23456,3605.0,8921.0,20503,,,,,,,,,,,,,,,,,,,,
174,2462,2009,8949,8949,19499,13849.0,43301,,,,,,,,,,3015.0,7802.0,11794,3102.0,8080.0,23842,,,,,,,,,,,,,,,,,,,,
175,2645,2015,4471,4471,11705,11559.0,24375,,,,,,,,,,2750.0,11980.0,11671,3042.0,12414.0,12119,,,,,,,,,,,,,,,,,,,,
176,1764,1620,4660,4660,12525,15200.0,26374,,,,,,,,,,4194.0,13553.0,10552,4493.0,13820.0,12023,,,,,,,,,,,,,,,,,,,,
177,7286,6325,3384,3384,10928,20567.0,22487,,,,,,,,,,4165.0,11711.0,16174,4298.0,11914.0,11122,,,,,,,,,,,,,,,,,,,,
178,4840,3847,13611,13611,13360,17710.0,28560,,,,,,,,,,4112.0,12412.0,17718,4191.0,12831.0,16907,,,,,,,,,,,,,,,,,,,,
179,3826,3145,8687,8687,17928,18423.0,38495,,,,,,,,,,3656.0,16280.0,15823,3914.0,17123.0,18118,,,,,,,,,,,,,,,,,,,,
180,4933,3783,6971,6971,16356,23776.0,34066,,,,,,,,,,5269.0,13438.0,16068,5706.0,13883.0,16105,,,,,,,,,,,,,,,,,,,,
181,7333,6159,8716,8716,16225,19295.0,34648,,,,,,,,,,3869.0,11489.0,21549,4008.0,12010.0,16745,,,,,,,,,,,,,,,,,,,,
182,6022,5328,13492,13492,19941,16632.0,43717,,,,,,,,,,3519.0,14033.0,17307,3682.0,14668.0,22829,,,,,,,,,,,,,,,,,,,,
183,4247,3412,11350,11350,16298,21044.0,35593,,,,,,,,,,4919.0,14640.0,15008,5119.0,14901.0,17891,,,,,,,,,,,,,,,,,,,,
184,5468,4622,7659,7659,14003,21256.0,30635,,,,,,,,,,5599.0,22140.0,18952,5747.0,23261.0,15692,,,,,,,,,,,,,,,,,,,,
185,5694,4893,10090,10090,18073,29896.0,39117,,,,,,,,,,11173.0,20717.0,20239,11853.0,22213.0,19787,,,,,,,,,,,,,,,,,,,,
186,8067,6916,10587,10587,18041,27093.0,39297,,,,,,,,,,8635.0,21169.0,33313,9274.0,21822.0,20648,,,,,,,,,,,,,,,,,,,,
187,9166,8109,14983,14983,23675,32022.0,53571,,,,,,,,,,8401.0,23804.0,29352,8705.0,25558.0,35114,,,,,,,,,,,,,,,,,,,,
188,8539,8325,17275,17275,21522,33276.0,48615,,,,,,,,,,9560.0,16912.0,29570,10430.0,18168.0,31487,,,,,,,,,,,,,,,,,,,,
189,10058,8881,16864,16864,22118,24498.0,54140,,,,,,,,,,9847.0,14756.0,33364,10460.0,15635.0,30527,,,,,,,,,,,,,,,,,,,,
190,6895,6024,18939,18939,27822,20849.0,61098,,,,,,,,,,5689.0,17557.0,26759,5895.0,17851.0,35988,,,,,,,,,,,,,,,,,,,,
191,7336,5989,12919,12919,20938,24354.0,45436,,,,,,,,,,6368.0,13293.0,20445,6470.0,13599.0,28628,,,,,,,,,,,,,,,,,,,,
192,6100,5150,13325,13325,17737,17216.0,38586,,,,,,,,,,4241.0,18659.0,23925,4476.0,19052.0,21530,,,,,,,,,,,,,,,,,,,,
193,7414,6258,11250,11250,21731,26236.0,46085,,,,,,,,,,6520.0,13993.0,17534,6723.0,14699.0,24321,,,,,,,,,,,,,,,,,,,,
194,7227,5976,13672,13672,14720,20829.0,31936,,,,,,,,,,4263.0,,25179,4461.0,,18075,,,,,,,,,,,,,,,,,,,,
195,7198,5343,13203,13203,22618,,48854,,,,,,,,,,,,18256,,,25775,,,,,,,,,,,,,,,,,,,,
